Dataset,Measure,Measure/Dataset Description,Unit/Transformation/Adjustment,Period Available,Area Available,API
OECD Consumer Barometer,,"Corresponds to the monthly growth rate of the normalised consumer confidence indicator (CCI), computed as the average of: i) financial situation over the past 12 months , ii) financial situation over the next 12 months, iii) the general economic situation over the next 12 months and iv) major purchases over the 12 next months","Growth rate, period on period",Jan 2010 - Jun 2024,OECD,"https://sdmx.oecd.org/public/rest/data/OECD.SDD.STES,DSD_STES@DF_CSBAR,4.0/OECD.M.......?startPeriod=2010-01&dimensionAtObservation=AllDimensions"
Composite Leading Indicator (CLI),Amplitude adjusted,Adjusted to ensure that its cyclical amplitude on average agrees with that of detruded reference series,Index,Jan 2010 - Jul 2024,"Australia, Canada, France, Germany, Italy, Japan, Korea, Mexico, Spain, Türkiye, UK, US, Major four European countries, G7, G20, Brazil, China, India, Indonesia, South Africa, Major five Asia economies, NAFTA","https://sdmx.oecd.org/public/rest/data/OECD.SDD.STES,DSD_STES@DF_CLI,4.1/.M.LI...AA...?startPeriod=2010-01&dimensionAtObservation=AllDimensions"
Composite Leading Indicator (CLI),Normalised ,"Brings indicators onto a common scale, which renders the variables comparable.",Index,Jan 2010 - Jul 2024,"Australia, Canada, France, Germany, Italy, Japan, Korea, Mexico, Spain, Türkiye, UK, US, Major four European countries, G7, G20, Brazil, China, India, Indonesia, South Africa, Major five Asia economies, NAFTA","https://sdmx.oecd.org/public/rest/data/OECD.SDD.STES,DSD_STES@DF_CLI,4.1/.M.LI...NOR...?startPeriod=2010-01&dimensionAtObservation=AllDimensions"
Composite Leading Indicator (CLI),Trend restored ,Calculated by multiplying the amplitude-adjusted and ratio-to-trend CLI by the trend of the reference series to obtain the trend restored CLI.,"Growth rate, over 1 year",Jan 2010 - Feb 2024,"Australia, Canada, France, Germany, Italy, Japan, Korea, Mexico, Spain, Türkiye, UK, US, Major four European countries, G7, G20, Brazil, China, India, Indonesia, South Africa, Major five Asia economies, NAFTA","https://sdmx.oecd.org/public/rest/data/OECD.SDD.STES,DSD_STES@DF_CLI,4.1/.M.LI...TR.GY..?startPeriod=2010-01&dimensionAtObservation=AllDimensions"
Composite Leading Indicator (CLI),Trend restored ,Calculated by multiplying the amplitude-adjusted and ratio-to-trend CLI by the trend of the reference series to obtain the trend restored CLI.,Index,Jan 2010 - Feb 2024,"Australia, Canada, France, Germany, Italy, Japan, Korea, Mexico, Spain, Türkiye, UK, US, Major four European countries, G7, G20, Brazil, China, India, Indonesia, South Africa, Major five Asia economies, NAFTA","https://sdmx.oecd.org/public/rest/data/OECD.SDD.STES,DSD_STES@DF_CLI,4.1/.M.LI...TR.IX..?startPeriod=2010-01&dimensionAtObservation=AllDimensions"
Composite Leading Indicator [CLI components],Bank activity,,Index,Jan 2010 - May 2024,Japan,"https://sdmx.oecd.org/public/rest/data/OECD.SDD.STES,DSD_STES@DF_CLI,4.1/.M.LOCOAB......?startPeriod=2010-01&dimensionAtObservation=AllDimensions"
Composite Leading Indicator [CLI components],Sales expectations,,Index,Jan 2010 - Jun 2024,Japan,"https://sdmx.oecd.org/public/rest/data/OECD.SDD.STES,DSD_STES@DF_CLI,4.1/.M.LOCOBC......?startPeriod=2010-01&dimensionAtObservation=AllDimensions"
Composite Leading Indicator [CLI components],Demand or orders inflow tendency,,Index,Jan 2010 - Jun 2024,"Australia, Germany, South Africa","https://sdmx.oecd.org/public/rest/data/OECD.SDD.STES,DSD_STES@DF_CLI,4.1/.M.LOCOBD......?startPeriod=2010-01&dimensionAtObservation=AllDimensions"
Composite Leading Indicator [CLI components],Employment tendency,,Index,Jan 2010 - Jun 2024,"Australia, Mexico, Spain, Turkiye","https://sdmx.oecd.org/public/rest/data/OECD.SDD.STES,DSD_STES@DF_CLI,4.1/.M.LOCOBE......?startPeriod=2010-01&dimensionAtObservation=AllDimensions"
Composite Leading Indicator [CLI components],Finished goods stocks tendency,,Index,Jan 2010 - Jun 2024,"Germany,  Turkiye","https://sdmx.oecd.org/public/rest/data/OECD.SDD.STES,DSD_STES@DF_CLI,4.1/.M.LOCOBF......?startPeriod=2010-01&dimensionAtObservation=AllDimensions"
Composite Leading Indicator [CLI components],Prices expectations,,Index,Jan 2010 - Jun 2024,France,"https://sdmx.oecd.org/public/rest/data/OECD.SDD.STES,DSD_STES@DF_CLI,4.1/.M.LOCOBI......?startPeriod=2010-01&dimensionAtObservation=AllDimensions"
Composite Leading Indicator [CLI components],Production tendency,,Index,Jan 2010 - Jun 2024,"Australia, France, Italy, Mexico, UK, Brazil","https://sdmx.oecd.org/public/rest/data/OECD.SDD.STES,DSD_STES@DF_CLI,4.1/.M.LOCOBP......?startPeriod=2010-01&dimensionAtObservation=AllDimensions"
Composite Leading Indicator [CLI components],Business situation,,Index,Jan 2010 - Jun 2024,"Canada, Germany, Korea, US, South Africa","https://sdmx.oecd.org/public/rest/data/OECD.SDD.STES,DSD_STES@DF_CLI,4.1/.M.LOCOBS......?startPeriod=2010-01&dimensionAtObservation=AllDimensions"
Composite Leading Indicator [CLI components],Capacity utilization tendency,,Index,Jan 2010 - May 2024,Spain,"https://sdmx.oecd.org/public/rest/data/OECD.SDD.STES,DSD_STES@DF_CLI,4.1/.M.LOCOBU......?startPeriod=2010-01&dimensionAtObservation=AllDimensions"
Composite Leading Indicator [CLI components],Export orders tendency,,Index,Jan 2010 - Jun 2024,"France, Germany","https://sdmx.oecd.org/public/rest/data/OECD.SDD.STES,DSD_STES@DF_CLI,4.1/.M.LOCOBX......?startPeriod=2010-01&dimensionAtObservation=AllDimensions"
Composite Leading Indicator [CLI components],Consumer confidence,,Index,Jan 2010 - Jun 2024,"France, Germany, Italy, Mexico, Spain, UK, US, Indonesia","https://sdmx.oecd.org/public/rest/data/OECD.SDD.STES,DSD_STES@DF_CLI,4.1/.M.LOCOCI......?startPeriod=2010-01&dimensionAtObservation=AllDimensions"
Composite Leading Indicator [CLI components],Construction,,Index,Jan 2010 - May 2024,"Australia, Japan, US, South Africa","https://sdmx.oecd.org/public/rest/data/OECD.SDD.STES,DSD_STES@DF_CLI,4.1/.M.LOCODW......?startPeriod=2010-01&dimensionAtObservation=AllDimensions"
Composite Leading Indicator [CLI components],Labour,,Index,Jan 2010 - Apr 2024,Mexico,"https://sdmx.oecd.org/public/rest/data/OECD.SDD.STES,DSD_STES@DF_CLI,4.1/.M.LOCOEM......?startPeriod=2010-01&dimensionAtObservation=AllDimensions"
Composite Leading Indicator [CLI components],Exchange rate,,Index,Jan 2010 - Jun 2024,"Mexico, Indonesia","https://sdmx.oecd.org/public/rest/data/OECD.SDD.STES,DSD_STES@DF_CLI,4.1/.M.LOCOEX......?startPeriod=2010-01&dimensionAtObservation=AllDimensions"
Composite Leading Indicator [CLI components],Hours,,Index,Jan 2010 - May 2024,"Japan, US","https://sdmx.oecd.org/public/rest/data/OECD.SDD.STES,DSD_STES@DF_CLI,4.1/.M.LOCOHS......?startPeriod=2010-01&dimensionAtObservation=AllDimensions"
Composite Leading Indicator [CLI components],Inventories to shipments,,Index,Jan 2010 - May 2024,"Canada, Korea","https://sdmx.oecd.org/public/rest/data/OECD.SDD.STES,DSD_STES@DF_CLI,4.1/.M.LOCOIS......?startPeriod=2010-01&dimensionAtObservation=AllDimensions"
Composite Leading Indicator [CLI components],Long-term interest rate,,Index,Jan 2010 - Jun 2024,Australia,"https://sdmx.oecd.org/public/rest/data/OECD.SDD.STES,DSD_STES@DF_CLI,4.1/.M.LOCOLT......?startPeriod=2010-01&dimensionAtObservation=AllDimensions"
Composite Leading Indicator [CLI components],Monetary aggregates,,Index,Jan 2010 - Apr 2024,"Canada, India","https://sdmx.oecd.org/public/rest/data/OECD.SDD.STES,DSD_STES@DF_CLI,4.1/.M.LOCOMA......?startPeriod=2010-01&dimensionAtObservation=AllDimensions"
Composite Leading Indicator [CLI components],Imports of goods,,Index,Jan 2010 - Jun 2024,Türkiye,"https://sdmx.oecd.org/public/rest/data/OECD.SDD.STES,DSD_STES@DF_CLI,4.1/.M.LOCOMG......?startPeriod=2010-01&dimensionAtObservation=AllDimensions"
Composite Leading Indicator [CLI components],Net trade,,Index,Jan 2010 - May 2024,"Japan, Brazil","https://sdmx.oecd.org/public/rest/data/OECD.SDD.STES,DSD_STES@DF_CLI,4.1/.M.LOCONT......?startPeriod=2010-01&dimensionAtObservation=AllDimensions"
Composite Leading Indicator [CLI components],Orders,,Index,Jan 2010 - May 2024,"France, Germany, Italy, US","https://sdmx.oecd.org/public/rest/data/OECD.SDD.STES,DSD_STES@DF_CLI,4.1/.M.LOCOOD......?startPeriod=2010-01&dimensionAtObservation=AllDimensions"
Composite Leading Indicator [CLI components],Consumer prices,,Index,Jan 2010 - May 2024,"France, Italy, Mexico, Spain, UK","https://sdmx.oecd.org/public/rest/data/OECD.SDD.STES,DSD_STES@DF_CLI,4.1/.M.LOCOPC......?startPeriod=2010-01&dimensionAtObservation=AllDimensions"
Composite Leading Indicator [CLI components],Production of electricity,,Index,Jan 2010 - Jun 2024,Türkiye,"https://sdmx.oecd.org/public/rest/data/OECD.SDD.STES,DSD_STES@DF_CLI,4.1/.M.LOCOPE......?startPeriod=2010-01&dimensionAtObservation=AllDimensions"
Composite Leading Indicator [CLI components],Production of goods,,Index,Jan 2010 - Apr 2024,India,"https://sdmx.oecd.org/public/rest/data/OECD.SDD.STES,DSD_STES@DF_CLI,4.1/.M.LOCOPG......?startPeriod=2010-01&dimensionAtObservation=AllDimensions"
Composite Leading Indicator [CLI components],Production of non-metallic product,,Index,Jan 2010 - Apr 2024,"India, Indonesia","https://sdmx.oecd.org/public/rest/data/OECD.SDD.STES,DSD_STES@DF_CLI,4.1/.M.LOCOPM......?startPeriod=2010-01&dimensionAtObservation=AllDimensions"
Composite Leading Indicator [CLI components],Producer prices,,Index,Jan 2010 - Jun 2024,"Mexico, Indonesia","https://sdmx.oecd.org/public/rest/data/OECD.SDD.STES,DSD_STES@DF_CLI,4.1/.M.LOCOPP......?startPeriod=2010-01&dimensionAtObservation=AllDimensions"
Composite Leading Indicator [CLI components],Services demand expectations,,Index,Jan 2010 - Jun 2024,"Germany,  Turkiye, Brazil","https://sdmx.oecd.org/public/rest/data/OECD.SDD.STES,DSD_STES@DF_CLI,4.1/.M.LOCOS3......?startPeriod=2010-01&dimensionAtObservation=AllDimensions"
Composite Leading Indicator [CLI components],Interest rate spread,,Index,Jan 2010 - Jun 2024,"Canada, Germany, Japan, Korea, US, South Africa","https://sdmx.oecd.org/public/rest/data/OECD.SDD.STES,DSD_STES@DF_CLI,4.1/.M.LOCOSI......?startPeriod=2010-01&dimensionAtObservation=AllDimensions"
Composite Leading Indicator [CLI components],Stocks,,Index,Jan 2010 - May 2024,"Japan, Korea","https://sdmx.oecd.org/public/rest/data/OECD.SDD.STES,DSD_STES@DF_CLI,4.1/.M.LOCOSK......?startPeriod=2010-01&dimensionAtObservation=AllDimensions"
Composite Leading Indicator [CLI components],Share prices,,Index,Jan 2010 - Jun 2024,"Australia, Canada, France, Japan, Korea, Mexico, Spain, UK, US, Brazil, India, Indonesia, South Africa","https://sdmx.oecd.org/public/rest/data/OECD.SDD.STES,DSD_STES@DF_CLI,4.1/.M.LOCOSP......?startPeriod=2010-01&dimensionAtObservation=AllDimensions"
Composite Leading Indicator [CLI components],Short-term interest rate,,Index,Jan 2010 - Jun 2024,"Türkiye, UK, Brazil, India, Indonesia","https://sdmx.oecd.org/public/rest/data/OECD.SDD.STES,DSD_STES@DF_CLI,4.1/.M.LOCOST......?startPeriod=2010-01&dimensionAtObservation=AllDimensions"
Composite Leading Indicator [CLI components],Imports ,,Index,Jan 2010 - May 2024,"Italy, Mexico","https://sdmx.oecd.org/public/rest/data/OECD.SDD.STES,DSD_STES@DF_CLI,4.1/.M.LOCOTM......?startPeriod=2010-01&dimensionAtObservation=AllDimensions"
Composite Leading Indicator [CLI components],Term of trade,,Index,Jan 2010 - May 2024,"Australia, Korea","https://sdmx.oecd.org/public/rest/data/OECD.SDD.STES,DSD_STES@DF_CLI,4.1/.M.LOCOTT......?startPeriod=2010-01&dimensionAtObservation=AllDimensions"
Composite Leading Indicator [CLI components],Exports,,Index,Jan 2010 - Jun 2024,Türkiye,"https://sdmx.oecd.org/public/rest/data/OECD.SDD.STES,DSD_STES@DF_CLI,4.1/.M.LOCOTX......?startPeriod=2010-01&dimensionAtObservation=AllDimensions"
Composite Leading Indicator [CLI components],Car registrations or sales,,Index,Jan 2010 - Jun 2024,"France, Spain, UK, India, South Africa","https://sdmx.oecd.org/public/rest/data/OECD.SDD.STES,DSD_STES@DF_CLI,4.1/.M.LOCOVR......?startPeriod=2010-01&dimensionAtObservation=AllDimensions"
Composite Business Confidence ,,,Index,Jan 2010 - Jun 2024,OECD,"https://sdmx.oecd.org/public/rest/data/OECD.SDD.STES,DSD_STES@DF_CLI,4.1/OECD.M.BCICP......?startPeriod=2010-01&dimensionAtObservation=AllDimensions"
Composite Consumer Confidence ,,,Index,Jan 2010 - Jun 2024,OECD,"https://sdmx.oecd.org/public/rest/data/OECD.SDD.STES,DSD_STES@DF_CLI,4.1/OECD.M.CCICP......?startPeriod=2010-01&dimensionAtObservation=AllDimensions"
Reference series (GDP),Calendar and seasonally adjusted,Statistical technique used to remove the effects of seasonal and calendar influences operating on a data series.,"Growth rate, over 1 year",Jan 2010 -Feb 2024,"Major four European countries, G7, G20, Major five Asisa economies, NAFTA","https://sdmx.oecd.org/public/rest/data/OECD.SDD.STES,DSD_STES@DF_CLI,4.1/.M.RS...Y.GY..?startPeriod=2010-01&dimensionAtObservation=AllDimensions"
Reference series (GDP),Calendar and seasonally adjusted,Statistical technique used to remove the effects of seasonal and calendar influences operating on a data series.,Index,Jan 2010 -Feb 2024,"Major four European countries, G7, G20, Major five Asisa economies, NAFTA","https://sdmx.oecd.org/public/rest/data/OECD.SDD.STES,DSD_STES@DF_CLI,4.1/.M.RS...Y.IX..?startPeriod=2010-01&dimensionAtObservation=AllDimensions"
Reference series (GDP),Normalized,"Brings indicators onto a common scale, which renders the variables comparable",Index,Jan 2010 -Feb 2024,"Australia, Canada, France, Germany, Italy, Japan, Korea, Mexico, Spain, Türkiye, UK, US, Major four European countries, G7, G20, Brazil, China, India, Indonesia, South Africa, Major five Asia economies, NAFTA","https://sdmx.oecd.org/public/rest/data/OECD.SDD.STES,DSD_STES@DF_CLI,4.1/.M.RS...NOR...?startPeriod=2010-01&dimensionAtObservation=AllDimensions"
Reference series (GDP),Ratio to trend,The trend is eliminated from the series by dividing the original series by the trend to give a ratio-to-trend since the underlying structure of most series used is multiplicative,Index,Jan 2010 -Feb 2024,"Australia, Canada, France, Germany, Italy, Japan, Korea, Mexico, Spain, Türkiye, UK, US, Major four European countries, G7, G20, Brazil, China, India, Indonesia, South Africa, Major five Asia economies, NAFTA","https://sdmx.oecd.org/public/rest/data/OECD.SDD.STES,DSD_STES@DF_CLI,4.1/.M.RS...RT...?startPeriod=2010-01&dimensionAtObservation=AllDimensions"
Reference series (GDP),Trend ,"The general tendency of the data to increase or decrease during a long period of time. A trend is a smooth, general, long-term, average tendency.",Index,Jan 2010 -Feb 2024,"Australia, Canada, France, Germany, Italy, Japan, Korea, Mexico, Spain, Türkiye, UK, US, Major four European countries, G7, G20, Brazil, India, Indonesia, South Africa, Major five Asia economies, NAFTA","https://sdmx.oecd.org/public/rest/data/OECD.SDD.STES,DSD_STES@DF_CLI,4.1/.M.RS...T...?startPeriod=2010-01&dimensionAtObservation=AllDimensions"
Financial market,Long-term interest rates,"Refer to government bonds maturing in ten years. Rates are mainly determined by the price charged by the lender, the risk from the borrower and the fall in the capital value. ",Per cent per annum,Jan 2010 - Jun 2024,"All OECD members (missing Turkiye), Brazil, Bulgaria, China, Croatia, India, Indonesia, Romania, Russia, South Africa","https://sdmx.oecd.org/public/rest/data/OECD.SDD.STES,DSD_STES@DF_FINMARK,4.0/.M.IRLT.PA.....?startPeriod=2010-01&dimensionAtObservation=AllDimensions"
Financial market,Short-term interest rates,Based on three-month money market rates where available. Short-term interest rates are the rates at which short-term borrowings are effected between financial institutions or the rate at which short-term government paper is issued or traded in the market,Per cent per annum,Jan 2010 - Jun 2024,"All OECD members (missing Turkiye), Brazil, Bulgaria, China, Croatia, India, Indonesia, Romania, Russia, South Africa","https://sdmx.oecd.org/public/rest/data/OECD.SDD.STES,DSD_STES@DF_FINMARK,4.0/.M.IR3TIB.PA.....?startPeriod=2010-01&dimensionAtObservation=AllDimensions"
Financial market,"Immediate interest rates, Call Money, Interbank Rate","An on-going nature such as policy rates set by central banks, prime rates for business loans, and those which are extremely short-term such as overnight or next day interbank rates or call money (i.e. money left at the banks' disposal).",Per cent per annum,Jan 2010 - Jun 2024,"All OECD members (missing Turkiye), Brazil, Bulgaria, China, Croatia, India, Indonesia, Romania, Russia, South Africa","https://sdmx.oecd.org/public/rest/data/OECD.SDD.STES,DSD_STES@DF_FINMARK,4.0/.M.IRSTCI.PA.....?startPeriod=2010-01&dimensionAtObservation=AllDimensions"
Financial market,Share Prices,Prices of common shares of companies traded on national or foreign stock exchanges.,Index,Jan 2010 - Jun 2024,"OECD members, Brazil, Bulgaria, China, Croatia, India, Indonesia, Romania, Russia, South Africa","https://sdmx.oecd.org/public/rest/data/OECD.SDD.STES,DSD_STES@DF_FINMARK,4.0/.M.SHARE......?startPeriod=2010-01&dimensionAtObservation=AllDimensions"
Financial market,Nominal Exchange Rates,"Comparing the change in its own exchange rate against the US dollar to a weighted average of changes in its competitors’ exchange rates, also against the US dollar",National currency per US dollar,Jan 2010 - Jun 2024,"OECD members (missing Austria, Belgium, Estonia, Finland, France, Germany, Greece, Ireland, Italy, Lithuania, Luxembourg, Netherlands, Portugal, Slovak Rep, Slovenia, Spain, US), Argentina, Brazil, China, India, Indonesia, Russia, Saudi Arabia, South Africa, SDR","https://sdmx.oecd.org/public/rest/data/OECD.SDD.STES,DSD_STES@DF_FINMARK,4.0/.M.CC......?startPeriod=2010-01&dimensionAtObservation=AllDimensions"
Financial market,Real Effective Exchange Rates - CPI based,"Takes into account not only changes in market exchange rates but also variations in relative prices using, consumer prices.",Index,Jan 2010 - Jun 2024,"All OECD members (missing Lithuania), Brazil, China, India, Indonesia, Russia, South Africa","https://sdmx.oecd.org/public/rest/data/OECD.SDD.STES,DSD_STES@DF_FINMARK,4.0/.M.CCRE......?startPeriod=2010-01&dimensionAtObservation=AllDimensions"
Monetary Aggregates,M1,"Narrow money – M1 : Currency i.e. banknotes and coins, plus overnight deposits","[Index], [Calendar and seasonally adjusted]",Jan 2010 - Dec 2023,OECD,"https://sdmx.oecd.org/public/rest/data/OECD.SDD.STES,DSD_STES@DF_MONAGG,4.0/OECD.M.MANM...Y...?startPeriod=2010-01&dimensionAtObservation=AllDimensions"
Monetary Aggregates,M1,"Narrow money – M1 : Currency i.e. banknotes and coins, plus overnight deposits","[Index], [Neither seasonally adjusted nor calendar adjusted]",Jan 2010 - Jan 2024,OECD,"https://sdmx.oecd.org/public/rest/data/OECD.SDD.STES,DSD_STES@DF_MONAGG,4.0/OECD.M.MANM...N...?startPeriod=2010-01&dimensionAtObservation=AllDimensions"
Monetary Aggregates,M1,"Narrow money – M1 : Currency i.e. banknotes and coins, plus overnight deposits","[National currency], [Calendar and seasonally adjusted]",Jan 2010 - Jun 2024,"Australia, Canada, Colombia, Costa Rica, Hungary, Iceland, Israel, Japan, Korea, UK, US, Brazil ","https://sdmx.oecd.org/public/rest/data/OECD.SDD.STES,DSD_STES@DF_MONAGG,4.0/.M.MANM.XDC..Y...?startPeriod=2010-01&dimensionAtObservation=AllDimensions"
Monetary Aggregates,M1,"Narrow money – M1 : Currency i.e. banknotes and coins, plus overnight deposits","[National currency],[Neither seasonally adjusted nor calendar adjusted]",Jan 2010 - Jun 2024,"Australia, Canada, Chile, Colombia, Costa Rica, Czechia, Denmark, Hungary, Iceland, Israel, Japan, Korea, Mexico, New Zealand, Norway, Poland, Sweden, Switzerland, Türkiye, UK, US, Brazil, Bulgaria, China, India, Indonesia, Romania, Russia, South Africa","https://sdmx.oecd.org/public/rest/data/OECD.SDD.STES,DSD_STES@DF_MONAGG,4.0/.M.MANM.XDC..N...?startPeriod=2010-01&dimensionAtObservation=AllDimensions"
Monetary Aggregates,M3,"Broad money – M3 is: the sum of M2, repurchase agreements, money market fund shares/units and debt securities up to two years.","[Index], [Calendar and seasonally adjusted]",Jan 2010 - Dec 2023,OECD,"https://sdmx.oecd.org/public/rest/data/OECD.SDD.STES,DSD_STES@DF_MONAGG,4.0/OECD.M.MABM...Y...?startPeriod=2010-01&dimensionAtObservation=AllDimensions"
Monetary Aggregates,M3,"Broad money – M3 is: the sum of M2, repurchase agreements, money market fund shares/units and debt securities up to two years.","[Index], [Neither seasonally adjusted nor calendar adjusted]",Jan 2010 - Jan 2024,OECD,"https://sdmx.oecd.org/public/rest/data/OECD.SDD.STES,DSD_STES@DF_MONAGG,4.0/OECD.M.MABM...N...?startPeriod=2010-01&dimensionAtObservation=AllDimensions"
Monetary Aggregates,M3,"Broad money – M3 is: the sum of M2, repurchase agreements, money market fund shares/units and debt securities up to two years.","[National currency], [Calendar and seasonally adjusted]",Jan 2010 - Jun 2024,"Australia, Canada, Colombia, Costa Rica, Czechia, Hungary, Iceland, Israel, Japan, Korea, Norway, UK, US, Russia, South Africa","https://sdmx.oecd.org/public/rest/data/OECD.SDD.STES,DSD_STES@DF_MONAGG,4.0/.M.MABM.XDC..Y...?startPeriod=2010-01&dimensionAtObservation=AllDimensions"
Monetary Aggregates,M3,"Broad money – M3 is: the sum of M2, repurchase agreements, money market fund shares/units and debt securities up to two years.","[National currency],[Neither seasonally adjusted nor calendar adjusted]",Jan 2010 - Jun 2024,"Australia, Canada, Chile, Colombia, Costa Rica, Czechia, Denmark, Hungary, Iceland, Israel, Japan, Korea, Mexico, New Zealand, Norway, Poland, Sweden, Switzerland, Türkiye, UK, US, Brazil, Bulgaria, China, India, Indonesia, Romania, Russia, South Africa","https://sdmx.oecd.org/public/rest/data/OECD.SDD.STES,DSD_STES@DF_MONAGG,4.0/.M.MABM.XDC..N...?startPeriod=2010-01&dimensionAtObservation=AllDimensions"
Hourly earnings: manufacturing,,Monthly employees' earnings series in manufacturing,,Jan 2010 - Mar 2024,OECD,"https://sdmx.oecd.org/public/rest/data/OECD.SDD.TPS,DSD_EAR@DF_HOU_EAR,1.0/OECD.EAR...C..M?startPeriod=2010-01&dimensionAtObservation=AllDimensions"
First registrations of brand new vehicles,Goods road motor vehicles,Number of goods road motor vehicles registered for the first time.,,Jan 2010 - May 2024,"All OECD members (missing Canada, Colombia, Costa Rica, New Zealand, Slovak Republic, US), Albania, Bosnia and Herzegovina, Croatia, Malta, Moldova, Montenegro, Serbia ","https://sdmx.oecd.org/public/rest/data/OECD.ITF,DSD_ST@DF_STREG,1.0/.M.....GV.?startPeriod=2010-01&dimensionAtObservation=AllDimensions"
First registrations of brand new vehicles,Passenger car,Number of new passenger cars registered for the first time.,,Jan 2010 - May 2024,"All OECD members (missing Canada, Colombia, Costa Rica, New Zealand, Slovak Republic), Albania, Bosnia and Herzegovina, Croatia, Kazakhstan, Malta, Moldova, Montenegro, Serbia ","https://sdmx.oecd.org/public/rest/data/OECD.ITF,DSD_ST@DF_STREG,1.0/.M.....CARS.?startPeriod=2010-01&dimensionAtObservation=AllDimensions"
"Production, sales, work started and orders",Passenger car registrations,,Index,Jan 2010 - Dec 2017,OECD,"https://sdmx.oecd.org/public/rest/data/OECD.SDD.STES,DSD_STES@DF_INDSERV,4.2/OECD.M.TOCAPA...Y...?startPeriod=2010-01&dimensionAtObservation=AllDimensions"
"Production, sales, work started and orders",Passenger car registrations,,"[Vehicles], [Calendar and seasonally adjusted]",Jan 2010 - Jun 2024,"Denmark, France, Norway, US","https://sdmx.oecd.org/public/rest/data/OECD.SDD.STES,DSD_STES@DF_INDSERV,4.2/.M.TOCAPA.VEH..Y...?startPeriod=2010-01&dimensionAtObservation=AllDimensions"
"Production, sales, work started and orders",Passenger car registrations,,"[Vehicles], [Neither seasonally adjusted nor calendar adjusted]",Jan 2010 - Jun 2024,"OECD members (missing Colombia, Costa Rica, Mexico), Brazil, Romania","https://sdmx.oecd.org/public/rest/data/OECD.SDD.STES,DSD_STES@DF_INDSERV,4.2/.M.TOCAPA.VEH..N...?startPeriod=2010-01&dimensionAtObservation=AllDimensions"
"Production, sales, work started and orders",Production volume ,,"[Industry ( except construction)], [Calendar and seasonally adjusted]",Jan 2010 - Apr 2024,OECD,"https://sdmx.oecd.org/public/rest/data/OECD.SDD.STES,DSD_STES@DF_INDSERV,4.2/OECD.M.PRVM..BTE.Y...?startPeriod=2010-01&dimensionAtObservation=AllDimensions"
"Production, sales, work started and orders",Production volume ,,"[Industry ( except construction)], [Neither seasonally adjusted nor calendar adjusted]",Jan 2010 - May 2024,"OECD members (missing Australia, Chile, Colombia, Costa Rica, Mexico, New Zealand), Brazil, Bulgaria, Croatia, India, Romania, Russia","https://sdmx.oecd.org/public/rest/data/OECD.SDD.STES,DSD_STES@DF_INDSERV,4.2/.M.PRVM..BTE.N...?startPeriod=2010-01&dimensionAtObservation=AllDimensions"
"Production, sales, work started and orders",Production volume ,,"[Manufacturing], [Calendar and seasonally adjusted]",Jan 2010 - May 2024,"OECD members (missing Australia, New Zealand, Spain), Brazil, Bulgaria, Croatia, India, Indonesia, Romania, Russia, South Africa","https://sdmx.oecd.org/public/rest/data/OECD.SDD.STES,DSD_STES@DF_INDSERV,4.2/.M.PRVM..C.Y...?startPeriod=2010-01&dimensionAtObservation=AllDimensions"
"Production, sales, work started and orders",Production volume ,,"[Manufacturing], [Neither seasonally adjusted nor calendar adjusted]",Jan 2010 - May 2024,"OECD members (missing Australia, Costa Rica, New Zealand, Spain), Brazil, Bulgaria, Croatia, India, Indonesia, Romania, Russia, South Africa","https://sdmx.oecd.org/public/rest/data/OECD.SDD.STES,DSD_STES@DF_INDSERV,4.2/.M.PRVM..C.N...?startPeriod=2010-01&dimensionAtObservation=AllDimensions"
"Production, sales, work started and orders",Production volume,,"[Electricity, gas, steam and air conditioning supply], [Calendar and seasonally adjusted]",Jan 2010 - May 2024,"OECD members (missing Australia, Canada, Chile, Colombia, Costa Rica, Iceland, Israel, Japan, Korea, Mexico, New Zealand, US), Bulgaria, Croatia","https://sdmx.oecd.org/public/rest/data/OECD.SDD.STES,DSD_STES@DF_INDSERV,4.2/.M.PRVM..D.Y...?startPeriod=2010-01&dimensionAtObservation=AllDimensions"
"Production, sales, work started and orders",Production volume ,,"[Electricity, gas, steam and air conditioning supply], [Neither seasonally adjusted nor calendar adjusted]",Jan 2010 - May 2024,"OECD members (missing Australia, Canada, Chile, Colombia, Costa Rica, Iceland, Israel, Japan, Korea, Mexico, New Zealand, US), Bulgaria, Croatia","https://sdmx.oecd.org/public/rest/data/OECD.SDD.STES,DSD_STES@DF_INDSERV,4.2/.M.PRVM..D.N...?startPeriod=2010-01&dimensionAtObservation=AllDimensions"
"Production, sales, work started and orders",Production volume ,,"[Construction], [Calendar and seasonally adjusted]",Jan 2010 - May 2024,"OECD members (missing Australia, Colombia, Denmark, Estonia, Greece, Ireland, Israel, Japan, Latvia, Lithuania, New Zealand, Switzerland, Türkiye), Brazil, Bulgaria, China, Croatia, Romania, South Africa","https://sdmx.oecd.org/public/rest/data/OECD.SDD.STES,DSD_STES@DF_INDSERV,4.2/.M.PRVM..F.Y...?startPeriod=2010-01&dimensionAtObservation=AllDimensions"
"Production, sales, work started and orders",Production volume,,"[Construction], [Neither seasonally adjusted nor calendar adjusted]",Jan 2010 - May 2024,"OECD members (missing Australia, Colombia, Costa Rica, Denmark, Estonia, Greece, Ireland, Israel, Japan, Latvia, Lithuania, New Zealand, Norway, Switzerland, Türkiye, UK), Brazil, Bulgaria, China, Croatia, Romania, South Africa","https://sdmx.oecd.org/public/rest/data/OECD.SDD.STES,DSD_STES@DF_INDSERV,4.2/.M.PRVM..F.N...?startPeriod=2010-01&dimensionAtObservation=AllDimensions"
"Production, sales, work started and orders",Production volume ,,"[Main Industrial Groups (MIG) - energy], [Calendar and seasonally adjusted]",Jan 2010 - May 2024,"Chile, Costa Rica, Japan, Turkiye","https://sdmx.oecd.org/public/rest/data/OECD.SDD.STES,DSD_STES@DF_INDSERV,4.2/.M.PRVM..MIG_NRG.Y...?startPeriod=2010-01&dimensionAtObservation=AllDimensions"
"Production, sales, work started and orders",Production volume ,,"[Main Industrial Groups (MIG) - energy], [Neither seasonally adjusted nor calendar adjusted]",Jan 2010 - May 2024,"Chile, Japan, Mexico, Turkiye","https://sdmx.oecd.org/public/rest/data/OECD.SDD.STES,DSD_STES@DF_INDSERV,4.2/.M.PRVM..MIG_NRG.N...?startPeriod=2010-01&dimensionAtObservation=AllDimensions"
"Production, sales, work started and orders",Retail trade volume,,Calendar and seasonally adjusted,Jan 2010 - Apr 2024,OECD,"https://sdmx.oecd.org/public/rest/data/OECD.SDD.STES,DSD_STES@DF_INDSERV,4.2/OECD.M.TOVM......?startPeriod=2010-01&dimensionAtObservation=AllDimensions"
"Production, sales, work started and orders",Retail trade volume,,Neither seasonally adjusted nor calendar adjusted,Jan 2010 - May 2024,"OECD members (missing Australia, Canada, Denmark, Japan, New Zealand, UK, US), Brazil, Bulgaria, Croatia, Romania, Russia, South Africa","https://sdmx.oecd.org/public/rest/data/OECD.SDD.STES,DSD_STES@DF_INDSERV,4.2/.M.TOVM...N...?startPeriod=2010-01&dimensionAtObservation=AllDimensions"
Monthly unemployment rates,Total,Contains predominantly monthly and quarterly statistics on the unemployed population by age groups and sex and associated statistical methodological information and associated statistical methodological information,"[From 15 to 24 years], [Calendar and seasonally adjusted]",Jan 2010 - May 2024,OECD,"https://sdmx.oecd.org/public/rest/data/OECD.SDD.TPS,DSD_LFS@DF_IALFS_UNE_M,1.0/OECD..._Z.Y._T.Y15T24..M?startPeriod=2010-01&dimensionAtObservation=AllDimensions"
Monthly unemployment rates,Total,Contains predominantly monthly and quarterly statistics on the unemployed population by age groups and sex and associated statistical methodological information and associated statistical methodological information,"[15 years or over], [Calendar and seasonally adjusted]",Jan 2010 - May 2024,OECD,"https://sdmx.oecd.org/public/rest/data/OECD.SDD.TPS,DSD_LFS@DF_IALFS_UNE_M,1.0/OECD..._Z.Y._T.Y_GE15..M?startPeriod=2010-01&dimensionAtObservation=AllDimensions"
Monthly unemployment rates,Total,Contains predominantly monthly and quarterly statistics on the unemployed population by age groups and sex and associated statistical methodological information and associated statistical methodological information,"[25 years or over], [Calendar and seasonally adjusted]",Jan 2010 - May 2024,OECD,"https://sdmx.oecd.org/public/rest/data/OECD.SDD.TPS,DSD_LFS@DF_IALFS_UNE_M,1.0/OECD..._Z.Y._T.Y_GE25..M?startPeriod=2010-01&dimensionAtObservation=AllDimensions"
Monthly unemployment rates,Total,Contains predominantly monthly and quarterly statistics on the unemployed population by age groups and sex and associated statistical methodological information and associated statistical methodological information,"[From 15 to 24 years], [Neither seasonally adjusted nor calendar adjusted]",Jan 2010 - May 2024,OECD,"https://sdmx.oecd.org/public/rest/data/OECD.SDD.TPS,DSD_LFS@DF_IALFS_UNE_M,1.0/OECD..._Z.N._T.Y15T24..M?startPeriod=2010-01&dimensionAtObservation=AllDimensions"
Monthly unemployment rates,Total,Contains predominantly monthly and quarterly statistics on the unemployed population by age groups and sex and associated statistical methodological information and associated statistical methodological information,"[15 years or over], [Neither seasonally adjusted nor calendar adjusted]",Jan 2010 - May 2024,OECD,"https://sdmx.oecd.org/public/rest/data/OECD.SDD.TPS,DSD_LFS@DF_IALFS_UNE_M,1.0/OECD..._Z.N._T.Y_GE15..M?startPeriod=2010-01&dimensionAtObservation=AllDimensions"
Monthly unemployment rates,Total,Contains predominantly monthly and quarterly statistics on the unemployed population by age groups and sex and associated statistical methodological information and associated statistical methodological information,"[25 years or over], [Neither seasonally adjusted nor calendar adjusted]",Jan 2010 - May 2024,OECD,"https://sdmx.oecd.org/public/rest/data/OECD.SDD.TPS,DSD_LFS@DF_IALFS_UNE_M,1.0/OECD..._Z.N._T.Y_GE25..M?startPeriod=2010-01&dimensionAtObservation=AllDimensions"
Monthly unemployment rates,Female,Contains predominantly monthly and quarterly statistics on the unemployed population by age groups and sex and associated statistical methodological information and associated statistical methodological information,"[From 15 to 24 years], [Calendar and seasonally adjusted]",Jan 2010 - May 2024,OECD,"https://sdmx.oecd.org/public/rest/data/OECD.SDD.TPS,DSD_LFS@DF_IALFS_UNE_M,1.0/OECD..._Z.Y.F.Y15T24..M?startPeriod=2010-01&dimensionAtObservation=AllDimensions"
Monthly unemployment rates,Female,Contains predominantly monthly and quarterly statistics on the unemployed population by age groups and sex and associated statistical methodological information and associated statistical methodological information,"[15 years or over], [Calendar and seasonally adjusted]",Jan 2010 - May 2024,OECD,"https://sdmx.oecd.org/public/rest/data/OECD.SDD.TPS,DSD_LFS@DF_IALFS_UNE_M,1.0/OECD..._Z.Y.F.Y_GE15..M?startPeriod=2010-01&dimensionAtObservation=AllDimensions"
Monthly unemployment rates,Female,Contains predominantly monthly and quarterly statistics on the unemployed population by age groups and sex and associated statistical methodological information and associated statistical methodological information,"[25 years or over], [Calendar and seasonally adjusted]",Jan 2010 - May 2024,OECD,"https://sdmx.oecd.org/public/rest/data/OECD.SDD.TPS,DSD_LFS@DF_IALFS_UNE_M,1.0/OECD..._Z.Y.F.Y_GE25..M?startPeriod=2010-01&dimensionAtObservation=AllDimensions"
Monthly unemployment rates,Female,Contains predominantly monthly and quarterly statistics on the unemployed population by age groups and sex and associated statistical methodological information and associated statistical methodological information,"[From 15 to 24 years], [Neither seasonally adjusted nor calendar adjusted]",Jan 2010 - May 2024,OECD,"https://sdmx.oecd.org/public/rest/data/OECD.SDD.TPS,DSD_LFS@DF_IALFS_UNE_M,1.0/OECD..._Z.N.F.Y15T24..M?startPeriod=2010-01&dimensionAtObservation=AllDimensions"
Monthly unemployment rates,Female,Contains predominantly monthly and quarterly statistics on the unemployed population by age groups and sex and associated statistical methodological information and associated statistical methodological information,"[15 years or over], [Neither seasonally adjusted nor calendar adjusted]",Jan 2010 - May 2024,OECD,"https://sdmx.oecd.org/public/rest/data/OECD.SDD.TPS,DSD_LFS@DF_IALFS_UNE_M,1.0/OECD..._Z.N.F.Y_GE15..M?startPeriod=2010-01&dimensionAtObservation=AllDimensions"
Monthly unemployment rates,Female,Contains predominantly monthly and quarterly statistics on the unemployed population by age groups and sex and associated statistical methodological information and associated statistical methodological information,"[25 years or over], [Neither seasonally adjusted nor calendar adjusted]",Jan 2010 - May 2024,OECD,"https://sdmx.oecd.org/public/rest/data/OECD.SDD.TPS,DSD_LFS@DF_IALFS_UNE_M,1.0/OECD..._Z.N.F.Y_GE25..M?startPeriod=2010-01&dimensionAtObservation=AllDimensions"
Monthly unemployment rates,Male,Contains predominantly monthly and quarterly statistics on the unemployed population by age groups and sex and associated statistical methodological information and associated statistical methodological information,"[From 15 to 24 years], [Calendar and seasonally adjusted]",Jan 2010 - May 2024,OECD,"https://sdmx.oecd.org/public/rest/data/OECD.SDD.TPS,DSD_LFS@DF_IALFS_UNE_M,1.0/OECD..._Z.Y.M.Y15T24..M?startPeriod=2010-01&dimensionAtObservation=AllDimensions"
Monthly unemployment rates,Male,Contains predominantly monthly and quarterly statistics on the unemployed population by age groups and sex and associated statistical methodological information and associated statistical methodological information,"[15 years or over], [Calendar and seasonally adjusted]",Jan 2010 - May 2024,OECD,"https://sdmx.oecd.org/public/rest/data/OECD.SDD.TPS,DSD_LFS@DF_IALFS_UNE_M,1.0/OECD..._Z.Y.M.Y_GE15..M?startPeriod=2010-01&dimensionAtObservation=AllDimensions"
Monthly unemployment rates,Male,Contains predominantly monthly and quarterly statistics on the unemployed population by age groups and sex and associated statistical methodological information and associated statistical methodological information,"[25 years or over], [Calendar and seasonally adjusted]",Jan 2010 - May 2024,OECD,"https://sdmx.oecd.org/public/rest/data/OECD.SDD.TPS,DSD_LFS@DF_IALFS_UNE_M,1.0/OECD..._Z.Y.M.Y_GE25..M?startPeriod=2010-01&dimensionAtObservation=AllDimensions"
Monthly unemployment rates,Male,Contains predominantly monthly and quarterly statistics on the unemployed population by age groups and sex and associated statistical methodological information and associated statistical methodological information,"[From 15 to 24 years], [Neither seasonally adjusted nor calendar adjusted]",Jan 2010 - May 2024,OECD,"https://sdmx.oecd.org/public/rest/data/OECD.SDD.TPS,DSD_LFS@DF_IALFS_UNE_M,1.0/OECD..._Z.N.M.Y15T24..M?startPeriod=2010-01&dimensionAtObservation=AllDimensions"
Monthly unemployment rates,Male,Contains predominantly monthly and quarterly statistics on the unemployed population by age groups and sex and associated statistical methodological information and associated statistical methodological information,"[15 years or over], [Neither seasonally adjusted nor calendar adjusted]",Jan 2010 - May 2024,OECD,"https://sdmx.oecd.org/public/rest/data/OECD.SDD.TPS,DSD_LFS@DF_IALFS_UNE_M,1.0/OECD..._Z.N.M.Y_GE15..M?startPeriod=2010-01&dimensionAtObservation=AllDimensions"
Monthly unemployment rates,Male,Contains predominantly monthly and quarterly statistics on the unemployed population by age groups and sex and associated statistical methodological information and associated statistical methodological information,"[25 years or over], [Neither seasonally adjusted nor calendar adjusted]",Jan 2010 - May 2024,OECD,"https://sdmx.oecd.org/public/rest/data/OECD.SDD.TPS,DSD_LFS@DF_IALFS_UNE_M,1.0/OECD..._Z.N.M.Y_GE25..M?startPeriod=2010-01&dimensionAtObservation=AllDimensions"
International merchandise trade statistics [Exports],"US dollars, exchange rate converted",International trade statistics measured in billions of US dollars (USD),Calendar and seasonally adjusted,Jan 2010 - May 2024,OECD,"https://sdmx.oecd.org/public/rest/data/OECD.SDD.TPS,DSD_IMTS@DF_IMTS,1.0/OECD..X..M.USD_EXC.Y.?startPeriod=2010-01&dimensionAtObservation=AllDimensions"
International merchandise trade statistics [Exports],Percentage change,International trade statistics growth rate,"[Calendar and seasonally adjusted], [Growth rate, period on period]",Jan 2010 - May 2024,OECD,"https://sdmx.oecd.org/public/rest/data/OECD.SDD.TPS,DSD_IMTS@DF_IMTS,1.0/OECD..X..M.PC.Y.G1?startPeriod=2010-01&dimensionAtObservation=AllDimensions"
International merchandise trade statistics [Exports],Percentage change,International trade statistics growth rate,"[Calendar and seasonally adjusted], [Growth rate, over 1 year]",Jan 2010 - May 2024,OECD,"https://sdmx.oecd.org/public/rest/data/OECD.SDD.TPS,DSD_IMTS@DF_IMTS,1.0/OECD..X..M.PC.Y.GY?startPeriod=2010-01&dimensionAtObservation=AllDimensions"
International merchandise trade statistics [Exports],"US dollars, exchange rate converted",International trade statistics measured in billions of US dollars (USD),Neither seasonally adjusted nor calendar adjusted,Jan 2010 - May 2024,OECD,"https://sdmx.oecd.org/public/rest/data/OECD.SDD.TPS,DSD_IMTS@DF_IMTS,1.0/OECD..X..M..N.?startPeriod=2010-01&dimensionAtObservation=AllDimensions"
International merchandise trade statistics [Imports],"US dollars, exchange rate converted",International trade statistics measured in billions of US dollars (USD),Calendar and seasonally adjusted,Jan 2010 - May 2024,OECD,"https://sdmx.oecd.org/public/rest/data/OECD.SDD.TPS,DSD_IMTS@DF_IMTS,1.0/OECD..M..M.USD_EXC.Y.?startPeriod=2010-01&dimensionAtObservation=AllDimensions"
International merchandise trade statistics [Imports],Percentage change,International trade statistics growth rate,"[Calendar and seasonally adjusted], [Growth rate, period on period]",Jan 2010 - May 2024,OECD,"https://sdmx.oecd.org/public/rest/data/OECD.SDD.TPS,DSD_IMTS@DF_IMTS,1.0/OECD..M..M.PC.Y.G1?startPeriod=2010-01&dimensionAtObservation=AllDimensions"
International merchandise trade statistics [Imports],Percentage change,International trade statistics growth rate,"[Calendar and seasonally adjusted], [Growth rate, over 1 year]",Jan 2010 - May 2024,OECD,"https://sdmx.oecd.org/public/rest/data/OECD.SDD.TPS,DSD_IMTS@DF_IMTS,1.0/OECD..M..M.PC.Y.GY?startPeriod=2010-01&dimensionAtObservation=AllDimensions"
International merchandise trade statistics [Imports],"US dollars, exchange rate converted",International trade statistics measured in billions of US dollars (USD),Neither seasonally adjusted nor calendar adjusted,Jan 2010 - May 2024,OECD,"https://sdmx.oecd.org/public/rest/data/OECD.SDD.TPS,DSD_IMTS@DF_IMTS,1.0/OECD..M..M..N.?startPeriod=2010-01&dimensionAtObservation=AllDimensions"
International merchandise trade statistics [Trade balance],"US dollars, exchange rate converted",International trade statistics measured in billions of US dollars (USD),Calendar and seasonally adjusted,Jan 2010 - May 2024,OECD,"https://sdmx.oecd.org/public/rest/data/OECD.SDD.TPS,DSD_IMTS@DF_IMTS,1.0/OECD..TB..M..Y.?startPeriod=2010-01&dimensionAtObservation=AllDimensions"
International merchandise trade statistics [Trade balance],"US dollars, exchange rate converted",International trade statistics measured in billions of US dollars (USD),Neither seasonally adjusted nor calendar adjusted,Jan 2010 - May 2024,OECD,"https://sdmx.oecd.org/public/rest/data/OECD.SDD.TPS,DSD_IMTS@DF_IMTS,1.0/OECD..TB..M..N.?startPeriod=2010-01&dimensionAtObservation=AllDimensions"
Contribution to year-on-year inflation [COICOP2018],Total,,Percentage points,Jan 2021 - Jun 2024,"Costa Rica, Japan","https://sdmx.oecd.org/public/rest/data/OECD.SDD.TPS,DSD_PRICES_COICOP2018@DF_PRICES_C2018_CONTRIB,1.0/.M...._T..?dimensionAtObservation=AllDimensions"
Contribution to year-on-year inflation [COICOP2018],Food and non-alcoholic beverages,,Percentage points,Jan 2021 - Jun 2024,"Costa Rica, Japan","https://sdmx.oecd.org/public/rest/data/OECD.SDD.TPS,DSD_PRICES_COICOP2018@DF_PRICES_C2018_CONTRIB,1.0/.M....CP01..?dimensionAtObservation=AllDimensions"
Contribution to year-on-year inflation [COICOP2018],"Alcoholic beverages, tobacco and narcotics",,Percentage points,Jan 2021 - Jun 2024,"Costa Rica, Japan","https://sdmx.oecd.org/public/rest/data/OECD.SDD.TPS,DSD_PRICES_COICOP2018@DF_PRICES_C2018_CONTRIB,1.0/.M....CP02..?dimensionAtObservation=AllDimensions"
Contribution to year-on-year inflation [COICOP2018],Clothing and footwear,,Percentage points,Jan 2021 - Jun 2024,"Costa Rica, Japan","https://sdmx.oecd.org/public/rest/data/OECD.SDD.TPS,DSD_PRICES_COICOP2018@DF_PRICES_C2018_CONTRIB,1.0/.M....CP03..?dimensionAtObservation=AllDimensions"
Contribution to year-on-year inflation [COICOP2018],"Housing, water, electricity, gas and other fuels",,Percentage points,Jan 2021 - Jun 2024,"Costa Rica, Japan","https://sdmx.oecd.org/public/rest/data/OECD.SDD.TPS,DSD_PRICES_COICOP2018@DF_PRICES_C2018_CONTRIB,1.0/.M....CP04..?dimensionAtObservation=AllDimensions"
Contribution to year-on-year inflation [COICOP2018],"Furnishings, household equipment and routine household maintenance",,Percentage points,Jan 2021 - Jun 2024,"Costa Rica, Japan","https://sdmx.oecd.org/public/rest/data/OECD.SDD.TPS,DSD_PRICES_COICOP2018@DF_PRICES_C2018_CONTRIB,1.0/.M....CP05..?dimensionAtObservation=AllDimensions"
Contribution to year-on-year inflation [COICOP2018],Health,,Percentage points,Jan 2021 - Jun 2024,"Costa Rica, Japan","https://sdmx.oecd.org/public/rest/data/OECD.SDD.TPS,DSD_PRICES_COICOP2018@DF_PRICES_C2018_CONTRIB,1.0/.M....CP06..?dimensionAtObservation=AllDimensions"
Contribution to year-on-year inflation [COICOP2018],Transport,,Percentage points,Jan 2021 - Jun 2024,"Costa Rica, Japan","https://sdmx.oecd.org/public/rest/data/OECD.SDD.TPS,DSD_PRICES_COICOP2018@DF_PRICES_C2018_CONTRIB,1.0/.M....CP07..?dimensionAtObservation=AllDimensions"
Contribution to year-on-year inflation [COICOP2018],Information and communication,,Percentage points,Jan 2021 - Jun 2024,"Costa Rica, Japan","https://sdmx.oecd.org/public/rest/data/OECD.SDD.TPS,DSD_PRICES_COICOP2018@DF_PRICES_C2018_CONTRIB,1.0/.M....CP08..?dimensionAtObservation=AllDimensions"
Contribution to year-on-year inflation [COICOP2018],"Recreation, sport and culture",,Percentage points,Jan 2021 - Jun 2024,"Costa Rica, Japan","https://sdmx.oecd.org/public/rest/data/OECD.SDD.TPS,DSD_PRICES_COICOP2018@DF_PRICES_C2018_CONTRIB,1.0/.M....CP09..?dimensionAtObservation=AllDimensions"
Contribution to year-on-year inflation [COICOP2018],Education services,,Percentage points,Jan 2021 - Jun 2024,"Costa Rica, Japan","https://sdmx.oecd.org/public/rest/data/OECD.SDD.TPS,DSD_PRICES_COICOP2018@DF_PRICES_C2018_CONTRIB,1.0/.M....CP10..?dimensionAtObservation=AllDimensions"
Contribution to year-on-year inflation [COICOP2018],Restaurants and accomodation services,,Percentage points,Jan 2021 - Jun 2024,"Costa Rica, Japan","https://sdmx.oecd.org/public/rest/data/OECD.SDD.TPS,DSD_PRICES_COICOP2018@DF_PRICES_C2018_CONTRIB,1.0/.M....CP11..?dimensionAtObservation=AllDimensions"
Contribution to year-on-year inflation [COICOP2018],Insurance and financial services,,Percentage points,Jan 2021 - Jun 2024,"Costa Rica, Japan","https://sdmx.oecd.org/public/rest/data/OECD.SDD.TPS,DSD_PRICES_COICOP2018@DF_PRICES_C2018_CONTRIB,1.0/.M....CP12..?dimensionAtObservation=AllDimensions"
Contribution to year-on-year inflation [COICOP2018],"Personal care, social protection and miscellaneous goods and services",,Percentage points,Jan 2021 - Jun 2024,"Costa Rica, Japan","https://sdmx.oecd.org/public/rest/data/OECD.SDD.TPS,DSD_PRICES_COICOP2018@DF_PRICES_C2018_CONTRIB,1.0/.M....CP13..?dimensionAtObservation=AllDimensions"
Contribution to year-on-year inflation [COICOP2018],Residuals,,Percentage points,Jan 2021 - Jun 2024,Costa Rica,"https://sdmx.oecd.org/public/rest/data/OECD.SDD.TPS,DSD_PRICES_COICOP2018@DF_PRICES_C2018_CONTRIB,1.0/.M....CPRES..?dimensionAtObservation=AllDimensions"
Contribution to year-on-year inflation [COICOP2018],Energy,,Percentage points,Jan 2021 - Jun 2024,"Costa Rica, Japan","https://sdmx.oecd.org/public/rest/data/OECD.SDD.TPS,DSD_PRICES_COICOP2018@DF_PRICES_C2018_CONTRIB,1.0/.M....CP045_0722..?dimensionAtObservation=AllDimensions"
Contribution to year-on-year inflation [COICOP2018],Goods,,Percentage points,Jan 2021 - Jun 2024,Costa Rica,"https://sdmx.oecd.org/public/rest/data/OECD.SDD.TPS,DSD_PRICES_COICOP2018@DF_PRICES_C2018_CONTRIB,1.0/.M....GD..?dimensionAtObservation=AllDimensions"
Contribution to year-on-year inflation [COICOP2018],Housing excluding imputed rentals for housing,,Percentage points,Jan 2021 - Jun 2024,Costa Rica,"https://sdmx.oecd.org/public/rest/data/OECD.SDD.TPS,DSD_PRICES_COICOP2018@DF_PRICES_C2018_CONTRIB,1.0/.M....CP041T043X042..?dimensionAtObservation=AllDimensions"
Contribution to year-on-year inflation [COICOP2018],All items non-food non-energy,,Percentage points,Jan 2021 - Jun 2024,"Costa Rica, Japan","https://sdmx.oecd.org/public/rest/data/OECD.SDD.TPS,DSD_PRICES_COICOP2018@DF_PRICES_C2018_CONTRIB,1.0/.M...._TXCP01_NRG..?dimensionAtObservation=AllDimensions"
Contribution to year-on-year inflation [COICOP2018],Services less housing ( Housing excluding imputed rentals for housing ),,Percentage points,Jan 2021 - Jun 2024,Costa Rica,"https://sdmx.oecd.org/public/rest/data/OECD.SDD.TPS,DSD_PRICES_COICOP2018@DF_PRICES_C2018_CONTRIB,1.0/.M....SERVXCP041_0432..?dimensionAtObservation=AllDimensions"
Contribution to year-on-year inflation [COICOP2018],Services,,Percentage points,Jan 2021 - Jun 2024,Costa Rica,"https://sdmx.oecd.org/public/rest/data/OECD.SDD.TPS,DSD_PRICES_COICOP2018@DF_PRICES_C2018_CONTRIB,1.0/.M....SERV..?dimensionAtObservation=AllDimensions"
Contribution to year-on-year inflation [COICOP1999],Total,,Percentage points,Jan 2010 - Jun 2024,"OECD members (missing Australia, New Zealand, Costa Rica)","https://sdmx.oecd.org/public/rest/data/OECD.SDD.TPS,DSD_PRICES@DF_PRICES_CONTRIB,1.0/.M...._T..?startPeriod=2010-01&dimensionAtObservation=AllDimensions"
Contribution to year-on-year inflation [COICOP1999],Food and non-alcoholic beverages,,Percentage points,Jan 2010 - Jun 2024,"OECD members (missing Australia, New Zealand, Costa Rica)","https://sdmx.oecd.org/public/rest/data/OECD.SDD.TPS,DSD_PRICES@DF_PRICES_CONTRIB,1.0/.M....CP01..?startPeriod=2010-01&dimensionAtObservation=AllDimensions"
Contribution to year-on-year inflation [COICOP1999],"Alcoholic beverages, tobacco and narcotics",,Percentage points,Jan 2010 - Jun 2024,"OECD members (missing Australia, New Zealand, Costa Rica)","https://sdmx.oecd.org/public/rest/data/OECD.SDD.TPS,DSD_PRICES@DF_PRICES_CONTRIB,1.0/.M....CP02..?startPeriod=2010-01&dimensionAtObservation=AllDimensions"
Contribution to year-on-year inflation [COICOP1999],Clothing and footwear,,Percentage points,Jan 2010 - Jun 2024,"OECD members (missing Australia, New Zealand, Costa Rica)","https://sdmx.oecd.org/public/rest/data/OECD.SDD.TPS,DSD_PRICES@DF_PRICES_CONTRIB,1.0/.M....CP03..?startPeriod=2010-01&dimensionAtObservation=AllDimensions"
Contribution to year-on-year inflation [COICOP1999],"Housing, water, electricity, gas and other fuels",,Percentage points,Jan 2010 - Jun 2024,"OECD members (missing Australia, New Zealand, Costa Rica)","https://sdmx.oecd.org/public/rest/data/OECD.SDD.TPS,DSD_PRICES@DF_PRICES_CONTRIB,1.0/.M....CP04..?startPeriod=2010-01&dimensionAtObservation=AllDimensions"
Contribution to year-on-year inflation [COICOP1999],Actual rentals for housing,,Percentage points,Jan 2010 - Jun 2024,"OECD members (missing Australia, New Zealand, Costa Rica)","https://sdmx.oecd.org/public/rest/data/OECD.SDD.TPS,DSD_PRICES@DF_PRICES_CONTRIB,1.0/.M....CP041..?startPeriod=2010-01&dimensionAtObservation=AllDimensions"
Contribution to year-on-year inflation [COICOP1999],Imputed rentals for housing,,Percentage points,Jan 2010 - Jun 2024,"OECD members (missing Australia, Belgium, Costa Rica, Chile, Estonia, France, Greece, Hungary, Ireland, Italy, Korea, Latvia, Lithuania, Luxembourg, New Zealand, Poland, Portugal, Slovenia, Spain, Switzerland, Türkiye)","https://sdmx.oecd.org/public/rest/data/OECD.SDD.TPS,DSD_PRICES@DF_PRICES_CONTRIB,1.0/.M....CP042..?startPeriod=2010-01&dimensionAtObservation=AllDimensions"
Contribution to year-on-year inflation [COICOP1999],Maintenance and repair of the dwelling,,Percentage points,Jan 2010 - Jun 2024,"OECD members (missing Australia, Canada, Colombia, Costa Rica, New Zealand, Mexico)","https://sdmx.oecd.org/public/rest/data/OECD.SDD.TPS,DSD_PRICES@DF_PRICES_CONTRIB,1.0/.M....CP043..?startPeriod=2010-01&dimensionAtObservation=AllDimensions"
Contribution to year-on-year inflation [COICOP1999],Water supply and miscellaneous services relating to the dwelling,,Percentage points,Jan 2010 - Jun 2024,"OECD members (missing Australia, Canada, Costa Rica, New Zealand)","https://sdmx.oecd.org/public/rest/data/OECD.SDD.TPS,DSD_PRICES@DF_PRICES_CONTRIB,1.0/.M....CP044..?startPeriod=2010-01&dimensionAtObservation=AllDimensions"
Contribution to year-on-year inflation [COICOP1999],"Electricity, gas and other fuels",,Percentage points,Jan 2010 - Jun 2024,"OECD members (missing Australia, Canada, Costa Rica, New Zealand)","https://sdmx.oecd.org/public/rest/data/OECD.SDD.TPS,DSD_PRICES@DF_PRICES_CONTRIB,1.0/.M....CP045..?startPeriod=2010-01&dimensionAtObservation=AllDimensions"
Contribution to year-on-year inflation [COICOP1999],"Furnishings, household equipment and routine household maintenance",,Percentage points,Jan 2010 - Jun 2024,"OECD members (missing Australia, New Zealand, Costa Rica)","https://sdmx.oecd.org/public/rest/data/OECD.SDD.TPS,DSD_PRICES@DF_PRICES_CONTRIB,1.0/.M....CP05..?startPeriod=2010-01&dimensionAtObservation=AllDimensions"
Contribution to year-on-year inflation [COICOP1999],Health,,Percentage points,Jan 2010 - Jun 2024,"OECD members (missing Australia, New Zealand, Costa Rica)","https://sdmx.oecd.org/public/rest/data/OECD.SDD.TPS,DSD_PRICES@DF_PRICES_CONTRIB,1.0/.M....CP06..?startPeriod=2010-01&dimensionAtObservation=AllDimensions"
Contribution to year-on-year inflation [COICOP1999],Transport,,Percentage points,Jan 2010 - Jun 2024,"OECD members (missing Australia, New Zealand, Costa Rica)","https://sdmx.oecd.org/public/rest/data/OECD.SDD.TPS,DSD_PRICES@DF_PRICES_CONTRIB,1.0/.M....CP07..?startPeriod=2010-01&dimensionAtObservation=AllDimensions"
Contribution to year-on-year inflation [COICOP1999],Fuels and lubricants for personal transport equipment,,Percentage points,Jan 2010 - Jun 2024,"OECD members (missing Australia, Canada, Costa Rica, New Zealand)","https://sdmx.oecd.org/public/rest/data/OECD.SDD.TPS,DSD_PRICES@DF_PRICES_CONTRIB,1.0/.M....CP0722..?startPeriod=2010-01&dimensionAtObservation=AllDimensions"
Contribution to year-on-year inflation [COICOP1999],Communication,,Percentage points,Jan 2010 - Jun 2024,"OECD members (missing Australia, New Zealand, Costa Rica)","https://sdmx.oecd.org/public/rest/data/OECD.SDD.TPS,DSD_PRICES@DF_PRICES_CONTRIB,1.0/.M....CP08..?startPeriod=2010-01&dimensionAtObservation=AllDimensions"
Contribution to year-on-year inflation [COICOP1999],"Recreation, sport and culture",,Percentage points,Jan 2010 - Jun 2024,"OECD members (missing Australia, New Zealand, Costa Rica)","https://sdmx.oecd.org/public/rest/data/OECD.SDD.TPS,DSD_PRICES@DF_PRICES_CONTRIB,1.0/.M....CP09..?startPeriod=2010-01&dimensionAtObservation=AllDimensions"
Contribution to year-on-year inflation [COICOP1999],Education ,,Percentage points,Jan 2010 - Jun 2024,"OECD members (missing Australia, New Zealand, Costa Rica)","https://sdmx.oecd.org/public/rest/data/OECD.SDD.TPS,DSD_PRICES@DF_PRICES_CONTRIB,1.0/.M....CP10..?startPeriod=2010-01&dimensionAtObservation=AllDimensions"
Contribution to year-on-year inflation [COICOP1999],Restaurants and hotels,,Percentage points,Jan 2010 - Jun 2024,"OECD members (missing Australia, New Zealand, Costa Rica)","https://sdmx.oecd.org/public/rest/data/OECD.SDD.TPS,DSD_PRICES@DF_PRICES_CONTRIB,1.0/.M....CP11..?startPeriod=2010-01&dimensionAtObservation=AllDimensions"
Contribution to year-on-year inflation [COICOP1999],Miscellaneous goods and services,,Percentage points,Jan 2010 - Jun 2024,"OECD members (missing Australia, New Zealand, Costa Rica)","https://sdmx.oecd.org/public/rest/data/OECD.SDD.TPS,DSD_PRICES@DF_PRICES_CONTRIB,1.0/.M....CP12..?startPeriod=2010-01&dimensionAtObservation=AllDimensions"
Contribution to year-on-year inflation [COICOP1999],Energy,,Percentage points,Jan 2010 - Jun 2024,"OECD members (missing Australia, New Zealand, Costa Rica)","https://sdmx.oecd.org/public/rest/data/OECD.SDD.TPS,DSD_PRICES@DF_PRICES_CONTRIB,1.0/.M....CP045_0722..?startPeriod=2010-01&dimensionAtObservation=AllDimensions"
Contribution to year-on-year inflation [COICOP1999],Goods,,Percentage points,Jan 2010 - Jun 2024,"OECD members (missing Australia, Belgium, Colombia, Costa Rica, Estonia, Germany, Iceland, Norway, Sweden, Türkiye, New Zealand)","https://sdmx.oecd.org/public/rest/data/OECD.SDD.TPS,DSD_PRICES@DF_PRICES_CONTRIB,1.0/.M....GD..?startPeriod=2010-01&dimensionAtObservation=AllDimensions"
Contribution to year-on-year inflation [COICOP1999],Housing,,Percentage points,Jan 2010 - Jun 2024,"OECD members (missing Australia, Austria, Belgium, Chile, Costa Rica, Estonia, France, Greece, Hungary, Italy, Korea, Latvia, Lithuania, Luxembourg, New Zealand, Poland, Portugal, Slovenia, Spain, Türkiye)","https://sdmx.oecd.org/public/rest/data/OECD.SDD.TPS,DSD_PRICES@DF_PRICES_CONTRIB,1.0/.M....CP041T043..?startPeriod=2010-01&dimensionAtObservation=AllDimensions"
Contribution to year-on-year inflation [COICOP1999],Housing excluding imputed rentals for housing,,Percentage points,Jan 2010 - Jun 2024,"OECD members (missing Australia, Canada, Colombia, Costa Rica, Germany, Iceland, Ireland, New Zealand, Mexico, Sweden, Switzerland, US)","https://sdmx.oecd.org/public/rest/data/OECD.SDD.TPS,DSD_PRICES@DF_PRICES_CONTRIB,1.0/.M....CP041T043X042..?startPeriod=2010-01&dimensionAtObservation=AllDimensions"
Contribution to year-on-year inflation [COICOP1999],All items non-food non-energy,,Percentage points,Jan 2010 - Jun 2024,"OECD members (missing Australia, New Zealand, Costa Rica)","https://sdmx.oecd.org/public/rest/data/OECD.SDD.TPS,DSD_PRICES@DF_PRICES_CONTRIB,1.0/.M...._TXCP01_NRG..?startPeriod=2010-01&dimensionAtObservation=AllDimensions"
Contribution to year-on-year inflation [COICOP1999],Services less housing,,Percentage points,Jan 2010 - Jun 2024,"OECD members (missing Australia, Austria, Belgium, Chile, Costa Rica, Estonia, France, Germany, Greece, Hungary, Iceland, Italy, Korea, Latvia, Lithuania, Luxembourg, New Zealand, Norway, Poland, Portugal, Slovenia, Spain, Sweden, Türkiye)","https://sdmx.oecd.org/public/rest/data/OECD.SDD.TPS,DSD_PRICES@DF_PRICES_CONTRIB,1.0/.M....SERVXCP041_042_0432..?startPeriod=2010-01&dimensionAtObservation=AllDimensions"
Contribution to year-on-year inflation [COICOP1999],Services less housing ( Housing excluding imputed rentals for housing ),,Percentage points,Jan 2010 - Jun 2024,"OECD members (missing Australia, Canada, Colombia, Costa Rica, Czechia, Denmark, Finland, Germany, Iceland, Ireland, Israel, Japan, Mexico, Netherlands, New Zealand, Norway, Slovak Republic, Sweden, Switzerland, US)","https://sdmx.oecd.org/public/rest/data/OECD.SDD.TPS,DSD_PRICES@DF_PRICES_CONTRIB,1.0/.M....SERVXCP041_0432..?startPeriod=2010-01&dimensionAtObservation=AllDimensions"
Contribution to year-on-year inflation [COICOP1999],Services,,Percentage points,Jan 2010 - Jun 2024,"OECD members (missing Australia, Austria, Colombia, Costa Rica, Germany, Iceland, Lithuania,  New Zealand, Norway, Poland, Sweden, Türkiye, UK, US)","https://sdmx.oecd.org/public/rest/data/OECD.SDD.TPS,DSD_PRICES@DF_PRICES_CONTRIB,1.0/.M....SERV..?startPeriod=2010-01&dimensionAtObservation=AllDimensions"
Contribution to year-on-year inflation [COICOP1999],Residuals,,Percentage points,Jan 2010 - Jun 2024,"OECD members (missing Australia, New Zealand, Costa Rica)","https://sdmx.oecd.org/public/rest/data/OECD.SDD.TPS,DSD_PRICES@DF_PRICES_CONTRIB,1.0/.M....CPRES..?startPeriod=2010-01&dimensionAtObservation=AllDimensions"
Fossil Fuel Support - ARG,,,Argentine peso,2010 - 2022,Argentina,"https://sdmx.oecd.org/public/rest/data/OECD.TAD.ADM,DSD_FFS@DF_FFS_ARG,/A.........?startPeriod=2010&dimensionAtObservation=AllDimensions"
Fossil Fuel Support - ARM,,,Armenian dram,2010 - 2022, Armenia,"https://sdmx.oecd.org/public/rest/data/OECD.TAD.ADM,DSD_FFS@DF_FFS_ARM,/A.........?startPeriod=2010&dimensionAtObservation=AllDimensions"
Fossil Fuel Support - AUS,,,Australian dollar,2010 - 2022,Australia,"https://sdmx.oecd.org/public/rest/data/OECD.TAD.ADM,DSD_FFS@DF_FFS_AUS,/A.......S1311..?startPeriod=2010&dimensionAtObservation=AllDimensions"
Fossil Fuel Support - AUT,,,Euro,2010 - 2022,Austria,"https://sdmx.oecd.org/public/rest/data/OECD.TAD.ADM,DSD_FFS@DF_FFS_AUT,/A.........?startPeriod=2010&dimensionAtObservation=AllDimensions"
Fossil Fuel Support - AZE,,,Azerbaijanian manat,2010 - 2022, Azerbaijan,"https://sdmx.oecd.org/public/rest/data/OECD.TAD.ADM,DSD_FFS@DF_FFS_AZE,/A.........?startPeriod=2010&dimensionAtObservation=AllDimensions"
Fossil Fuel Support - BEL,,,Euro,2010 - 2022, Belgium,"https://sdmx.oecd.org/public/rest/data/OECD.TAD.ADM,DSD_FFS@DF_FFS_BEL,/A.........?startPeriod=2010&dimensionAtObservation=AllDimensions"
Fossil Fuel Support - BRA,,,Brazilian real,2010 - 2022,Brazil,"https://sdmx.oecd.org/public/rest/data/OECD.TAD.ADM,DSD_FFS@DF_FFS_BRA,/A.........?startPeriod=2010&dimensionAtObservation=AllDimensions"
Fossil Fuel Support - CAN,,,Canadian dollar,2010 - 2022,Canada,"https://sdmx.oecd.org/public/rest/data/OECD.TAD.ADM,DSD_FFS@DF_FFS_CAN,/A.......S1311..?startPeriod=2010&dimensionAtObservation=AllDimensions"
Fossil Fuel Support - CHE,,,Swiss franc,2010 - 2022,Switzerland,"https://sdmx.oecd.org/public/rest/data/OECD.TAD.ADM,DSD_FFS@DF_FFS_CHE,/A.........?startPeriod=2010&dimensionAtObservation=AllDimensions"
Fossil Fuel Support - CHL,,,US dollar,2010 - 2022,Chili,"https://sdmx.oecd.org/public/rest/data/OECD.TAD.ADM,DSD_FFS@DF_FFS_CHL,/A.........?startPeriod=2010&dimensionAtObservation=AllDimensions"
Fossil Fuel Support - COL,,,Colombian peso,2010 - 2022,Colombia,"https://sdmx.oecd.org/public/rest/data/OECD.TAD.ADM,DSD_FFS@DF_FFS_COL,/A.........?startPeriod=2010&dimensionAtObservation=AllDimensions"
Fossil Fuel Support - CRI,,,Costa Rican colon,2010 - 2022,Costa Rica,"https://sdmx.oecd.org/public/rest/data/OECD.TAD.ADM,DSD_FFS@DF_FFS_CRI,/A.........?startPeriod=2010&dimensionAtObservation=AllDimensions"
Fossil Fuel Support - CZE,,,Czech koruna,2010 - 2022,Czech republic,"https://sdmx.oecd.org/public/rest/data/OECD.TAD.ADM,DSD_FFS@DF_FFS_CZE,/A.........?startPeriod=2010&dimensionAtObservation=AllDimensions"
Fossil Fuel Support - DEU,,,Euro,2010 - 2022, Germany,"https://sdmx.oecd.org/public/rest/data/OECD.TAD.ADM,DSD_FFS@DF_FFS_DEU,/A.......S1311..?startPeriod=2010&dimensionAtObservation=AllDimensions"
Fossil Fuel Support - DNK,,,Danish krone,2010 - 2022,Denmark,"https://sdmx.oecd.org/public/rest/data/OECD.TAD.ADM,DSD_FFS@DF_FFS_DNK,/A.........?startPeriod=2010&dimensionAtObservation=AllDimensions"
Fossil Fuel Support - ESP,,,Euro,2010 - 2022,Spain,"https://sdmx.oecd.org/public/rest/data/OECD.TAD.ADM,DSD_FFS@DF_FFS_ESP,/A.........?startPeriod=2010&dimensionAtObservation=AllDimensions"
Fossil Fuel Support - EST,,,Euro,2010 - 2022,Estonia,"https://sdmx.oecd.org/public/rest/data/OECD.TAD.ADM,DSD_FFS@DF_FFS_EST,/A.........?startPeriod=2010&dimensionAtObservation=AllDimensions"
Fossil Fuel Support - FIN,,,Euro,2010 - 2022,Finland,"https://sdmx.oecd.org/public/rest/data/OECD.TAD.ADM,DSD_FFS@DF_FFS_FIN,/A.........?startPeriod=2010&dimensionAtObservation=AllDimensions"
Fossil Fuel Support - FRA,,,Euro,2010 - 2022,France,"https://sdmx.oecd.org/public/rest/data/OECD.TAD.ADM,DSD_FFS@DF_FFS_FRA,/A.........?startPeriod=2010&dimensionAtObservation=AllDimensions"
Fossil Fuel Support - GBR,,,Euro,2010 - 2022, United Kingdom,"https://sdmx.oecd.org/public/rest/data/OECD.TAD.ADM,DSD_FFS@DF_FFS_GBR,/A.........?startPeriod=2010&dimensionAtObservation=AllDimensions"
Fossil Fuel Support - GEO,,,Lari,2010 - 2022,Georgia,"https://sdmx.oecd.org/public/rest/data/OECD.TAD.ADM,DSD_FFS@DF_FFS_GEO,/A.........?startPeriod=2010&dimensionAtObservation=AllDimensions"
Fossil Fuel Support - GRC,,,Euro,2010 - 2022,Greece,"https://sdmx.oecd.org/public/rest/data/OECD.TAD.ADM,DSD_FFS@DF_FFS_GRC,/A.........?startPeriod=2010&dimensionAtObservation=AllDimensions"
Fossil Fuel Support - HUN,,,Forint,2010 - 2022,Hungaria,"https://sdmx.oecd.org/public/rest/data/OECD.TAD.ADM,DSD_FFS@DF_FFS_HUN,/A.........?startPeriod=2010&dimensionAtObservation=AllDimensions"
Fossil Fuel Support - IDN,,,Indian rupee,2010 - 2022,Indonesia,"https://sdmx.oecd.org/public/rest/data/OECD.TAD.ADM,DSD_FFS@DF_FFS_IDN,/A.........?startPeriod=2010&dimensionAtObservation=AllDimensions"
Fossil Fuel Support - Detailed Indicators,,,US dollar,2010 - 2022, Detailed Indicators,"https://sdmx.oecd.org/public/rest/data/OECD.TAD.ADM,DSD_FFS@DF_FFS_IND_DETAIL,/A.OECD........?startPeriod=2010&dimensionAtObservation=AllDimensions"
Fossil Fuel Support - IRL,,,Euro,2010 - 2022,Ireland,"https://sdmx.oecd.org/public/rest/data/OECD.TAD.ADM,DSD_FFS@DF_FFS_IRL,/A.........?startPeriod=2010&dimensionAtObservation=AllDimensions"
Fossil Fuel Support - ISL,,,Iceland krona,2010 - 2022, Island,"https://sdmx.oecd.org/public/rest/data/OECD.TAD.ADM,DSD_FFS@DF_FFS_ISL,/A.........?startPeriod=2010&dimensionAtObservation=AllDimensions"
Fossil Fuel Support - ISR,,,New Israeli sheqel,2010 - 2022,Israel,"https://sdmx.oecd.org/public/rest/data/OECD.TAD.ADM,DSD_FFS@DF_FFS_ISR,/A.........?startPeriod=2010&dimensionAtObservation=AllDimensions"
Fossil Fuel Support - ITA,,,Euro,2010 - 2022,Italy,"https://sdmx.oecd.org/public/rest/data/OECD.TAD.ADM,DSD_FFS@DF_FFS_ITA,/A.........?startPeriod=2010&dimensionAtObservation=AllDimensions"
Fossil Fuel Support - JPN,,,Yen,2010 - 2022,Japan,"https://sdmx.oecd.org/public/rest/data/OECD.TAD.ADM,DSD_FFS@DF_FFS_JPN,/A.........?startPeriod=2010&dimensionAtObservation=AllDimensions"
Fossil Fuel Support - KOR,,,Won,2010 - 2022,Korea,"https://sdmx.oecd.org/public/rest/data/OECD.TAD.ADM,DSD_FFS@DF_FFS_KOR,/A.........?startPeriod=2010&dimensionAtObservation=AllDimensions"
Fossil Fuel Support - LTU,,,Euro,2010 - 2022,Lithuania,"https://sdmx.oecd.org/public/rest/data/OECD.TAD.ADM,DSD_FFS@DF_FFS_LTU,/A.........?startPeriod=2010&dimensionAtObservation=AllDimensions"
Fossil Fuel Support - LUX,,,Euro,2010 - 2022,Luxembourg,"https://sdmx.oecd.org/public/rest/data/OECD.TAD.ADM,DSD_FFS@DF_FFS_LUX,/A.........?startPeriod=2010&dimensionAtObservation=AllDimensions"
Fossil Fuel Support - LVA,,,Euro,2010 - 2022,Latvia,"https://sdmx.oecd.org/public/rest/data/OECD.TAD.ADM,DSD_FFS@DF_FFS_LVA,/A.........?startPeriod=2010&dimensionAtObservation=AllDimensions"
Fossil Fuel Support - MDA,,,Moldovan leu,2010 - 2022,Moldova,"https://sdmx.oecd.org/public/rest/data/OECD.TAD.ADM,DSD_FFS@DF_FFS_MDA,/A.........?startPeriod=2010&dimensionAtObservation=AllDimensions"
Fossil Fuel Support - MEX,,,Mexican peso,2010 - 2022,Mexico,"https://sdmx.oecd.org/public/rest/data/OECD.TAD.ADM,DSD_FFS@DF_FFS_MEX,/A.........?startPeriod=2010&dimensionAtObservation=AllDimensions"
Fossil Fuel Support - NLD,,,Euro,2010 - 2022,Netherlands,"https://sdmx.oecd.org/public/rest/data/OECD.TAD.ADM,DSD_FFS@DF_FFS_NLD,/A.......S1311..?startPeriod=2010&dimensionAtObservation=AllDimensions"
Fossil Fuel Support - NOR,,,Norwegian krone,2010 - 2022,Norway,"https://sdmx.oecd.org/public/rest/data/OECD.TAD.ADM,DSD_FFS@DF_FFS_NOR,/A.........?startPeriod=2010&dimensionAtObservation=AllDimensions"
Fossil Fuel Support - NZL,,,New Zealand dollar,2010 - 2022,New Zealand,"https://sdmx.oecd.org/public/rest/data/OECD.TAD.ADM,DSD_FFS@DF_FFS_NZL,/A.........?startPeriod=2010&dimensionAtObservation=AllDimensions"
Fossil Fuel Support - POL,,,Zloty,2010 - 2022,Poland,"https://sdmx.oecd.org/public/rest/data/OECD.TAD.ADM,DSD_FFS@DF_FFS_POL,/A.........?startPeriod=2010&dimensionAtObservation=AllDimensions"
Fossil Fuel Support - PRT,,,Euro,2010 - 2022,Portugal,"https://sdmx.oecd.org/public/rest/data/OECD.TAD.ADM,DSD_FFS@DF_FFS_PRT,/A.........?startPeriod=2010&dimensionAtObservation=AllDimensions"
Fossil Fuel Support - SVK,,,Euro,2010 - 2022,Slovakia,"https://sdmx.oecd.org/public/rest/data/OECD.TAD.ADM,DSD_FFS@DF_FFS_SVK,/A.........?startPeriod=2010&dimensionAtObservation=AllDimensions"
Fossil Fuel Support - SVN,,,Euro,2010 - 2022,Slovenia,"https://sdmx.oecd.org/public/rest/data/OECD.TAD.ADM,DSD_FFS@DF_FFS_SVN,/A.........?startPeriod=2010&dimensionAtObservation=AllDimensions"
Fossil Fuel Support - SWE,,,Swedish krona,2010 - 2022,Sweden,"https://sdmx.oecd.org/public/rest/data/OECD.TAD.ADM,DSD_FFS@DF_FFS_SWE,/A.........?startPeriod=2010&dimensionAtObservation=AllDimensions"
Fossil Fuel Support - TUR,,,Turkish lira,2010 - 2022,Turkiye,"https://sdmx.oecd.org/public/rest/data/OECD.TAD.ADM,DSD_FFS@DF_FFS_TUR,/A.........?startPeriod=2010&dimensionAtObservation=AllDimensions"
Fossil Fuel Support - USA,,,US dollar,2010 - 2022,United States,"https://sdmx.oecd.org/public/rest/data/OECD.TAD.ADM,DSD_FFS@DF_FFS_USA,/A.......S1311..?startPeriod=2010&dimensionAtObservation=AllDimensions"
Fossil Fuel Support - ZAF,,,Rand,2010 - 2022,South Africa,"https://sdmx.oecd.org/public/rest/data/OECD.TAD.ADM,DSD_FFS@DF_FFS_ZAF,/A.........?startPeriod=2010&dimensionAtObservation=AllDimensions"
Fossil Fuel Support - CHN,,,Chinese yuan renminbi,2010 - 2022,China,"https://sdmx.oecd.org/public/rest/data/OECD.TAD.ADM,DSD_FFS@DF_FFS_CHN,/A.......S1311..?startPeriod=2010&dimensionAtObservation=AllDimensions"
Fossil Fuel Support - IND,,,Indian rupee,2010 - 2022,India,"https://sdmx.oecd.org/public/rest/data/OECD.TAD.ADM,DSD_FFS@DF_FFS_IND,/A.........?startPeriod=2010&dimensionAtObservation=AllDimensions"
,,,,,,
,,,,,,
,,,,,,
,,,,,,
,,,,,,
,,,,,,
,,,,,,
,,,,,,
,,,,,,
,,,,,,
,,,,,,
,,,,,,
,,,,,,
